name,main_name,all_names,links,birth_year,death_year,gender,roles_titles,wikidata_item,occupations,place_of_birth,place_of_death,politician
E006019-S012734-T000000,"Dr. Ralph Cudworth, Master of Christ&#x0027;s College","Dr. Ralph Cudworth, Master of Christ&#x0027;s College; Cudworth, Ralph",https://en.wikipedia.org/wiki/Ralph_Cudworth,1617,1688,male,theologian; university teacher; philosopher,http://www.wikidata.org/entity/Q528261,theologian; university teacher; philosopher,Aller,Cambridge,no
E011771-S014372-T000000,"Hyde, Edward","Edward Hyde, Earl of Clarendon; Hyde, Edward","https://en.wikipedia.org/wiki/Edward_Hyde,_1st_Earl_of_Clarendon",1609,1674,male,judge; politician; historian,http://www.wikidata.org/entity/Q335173,judge; politician; historian,London,Rouen,yes
E015103-S043299-T000000,Sir Philip Musgrave,"Sir Philip Musgrave; Musgrave, Philip (Sir)","https://en.wikipedia.org/wiki/Sir_Philip_Musgrave,_2nd_Baronet",1607,1678,male,politician,http://www.wikidata.org/entity/Q7528487,politician,NA,NA,yes
E020134-S040615-T000000,"Taylor, Silas","Silas Taylor; Taylor, Silas",https://en.wikipedia.org/wiki/Silas_Taylor,1624,1678,male,composer,http://www.wikidata.org/entity/Q15994779,composer,NA,NA,no
E014743-S041280-T000000,Sir Edward Misselden,"Sir Edward Misselden; Misselden, Edward",https://en.wikipedia.org/wiki/Edward_Misselden,1608,1654,male,economist,http://www.wikidata.org/entity/Q460400,economist,NA,NA,no
E020485-S043979-T000000,Sir Thomas Allin,"Sir Thomas Allin; Allin, Thomas (Sir)","https://en.wikipedia.org/wiki/Sir_Thomas_Allin,_1st_Baronet",1612,1685,male,naval officer; ship captain,http://www.wikidata.org/entity/Q7529030,naval officer; ship captain,Lowestoft,NA,no
E004654-S006979-T000000,"Charles II, King of England, Scotland, and Ireland","Charles II; Charles II, King of England, Scotland, and Ireland",https://en.wikipedia.org/wiki/Charles_II_of_England,1630,1685,male,sovereign; slave trader; politician,http://www.wikidata.org/entity/Q122553,sovereign; slave trader; politician,London,London,yes
E007992-S018852-T000000,"Heneage Finch, Earl of Winchilsea","Heneage Finch, Earl of Winchilsea; Finch, Heneage","https://en.wikipedia.org/wiki/Heneage_Finch,_3rd_Earl_of_Winchilsea",1628,1689,male,diplomat,http://www.wikidata.org/entity/Q5714116,diplomat,England,England,no
E007902-S023013-T000000,"John Fell, Bishop of Oxford","John Fell, Bishop of Oxford; Fell, John",https://en.wikipedia.org/wiki/John_Fell_(bishop),1625,1686,male,priest,http://www.wikidata.org/entity/Q6232906,priest,Longworth,NA,no
S035587,"Philadelphia, Lady Wentworth","Philadelphia, Lady Wentworth","https://en.wikipedia.org/wiki/Thomas_Wentworth,_5th_Baron_Wentworth",1612,1665,female,politician,http://www.wikidata.org/entity/Q6236215,politician,NA,NA,yes
E918239-S043259-T000000,"Wyche, Peter (Sir)","Sir Peter Wiche; Wyche, Peter (Sir)",https://en.wikipedia.org/wiki/Peter_Wyche_(ambassador),1590,1643,male,diplomat,http://www.wikidata.org/entity/Q7177805,diplomat,NA,Oxford,no
E015333-S052172-T000000,William Nicholson,"William Nicholson; Nicholson, William",https://en.wikipedia.org/wiki/William_Nicholson_(bishop_of_Gloucester),1591,1672,male,bishop,http://www.wikidata.org/entity/Q8016132,bishop,Stratford St. Mary,NA,no
E300364-S022991-T000000,John Evelyn,"John Evelyn; Evelyn, John",https://en.wikipedia.org/wiki/John_Evelyn,1620,1706,male,horticulturist; gardener; diarist,http://www.wikidata.org/entity/Q342712,horticulturist; gardener; diarist,Wotton,London,no
E001993-S018912-T000000,"Henry Bennet, Earl of Arlington","Henry Bennet, Earl of Arlington; Bennet, Henry","https://en.wikipedia.org/wiki/Henry_Bennet,_1st_Earl_of_Arlington",1618,1685,male,politician; diplomat,http://www.wikidata.org/entity/Q953718,politician; diplomat,Suffolk,NA,yes
S044898,Sir. Edward Spragg,Sir. Edward Spragg,https://en.wikipedia.org/wiki/Edward_Spragge,1629,1673,male,politician; privateer,http://www.wikidata.org/entity/Q769602,politician; privateer,County Roscommon,NA,yes
E003555-S038426-T000000,"Robert Bruce, Earl of Elgin and Ailesbury","Robert Bruce, Earl of Elgin and Ailesbury; Bruce, Robert","https://en.wikipedia.org/wiki/Robert_Bruce,_1st_Earl_of_Ailesbury",1626,1685,male,politician,http://www.wikidata.org/entity/Q1193416,politician,London,Ampthill,yes
E022114-S041675-T000000,Sir George Downing,"Sir George Downing; Downing, George (Sir)","https://en.wikipedia.org/wiki/Sir_George_Downing,_1st_Baronet",1623,1684,male,politician; diplomat; soldier,http://www.wikidata.org/entity/Q1335492,politician; diplomat; soldier,Dublin,Cambridgeshire,yes
E019544-S012615-T000000,"Spencer, John (Dr)","Dr. John Spencer; Spencer, John (Dr)",https://en.wikipedia.org/wiki/John_Spencer_(priest),1630,1693,male,historian of religion; priest,http://www.wikidata.org/entity/Q953224,historian of religion; priest,Boughton under Blean,Cambridge,no
S047442,"Thomas Belasyse, Earl of Fauconberg","Thomas Belasyse, Earl of Fauconberg","https://en.wikipedia.org/wiki/Thomas_Belasyse,_1st_Earl_Fauconberg",1627,1700,male,politician,http://www.wikidata.org/entity/Q7787543,politician,Newburgh Priory,Sutton House,yes
S024860,"John, Lord Lovelace","John, Lord Lovelace","https://en.wikipedia.org/wiki/John_Lovelace,_2nd_Baron_Lovelace",1616,1670,male,NA,http://www.wikidata.org/entity/Q15436448,NA,NA,NA,NA
S047669,"Thomas Clifford, Baron Clifford of Chudleigh","Thomas Clifford, Baron Clifford of Chudleigh","https://en.wikipedia.org/wiki/Thomas_Clifford,_1st_Baron_Clifford_of_Chudleigh",1630,1673,male,politician,http://www.wikidata.org/entity/Q2296770,politician,Devon,England,yes
S016294,"Francis, Lord Aungier","Francis, Lord Aungier","https://en.wikipedia.org/wiki/Francis_Aungier,_1st_Earl_of_Longford",1632,1700,male,politician,http://www.wikidata.org/entity/Q16859371,politician,NA,NA,yes
E008389-S012935-T000000,"Fuller, William","Dr. William Fuller; Fuller, William",https://en.wikipedia.org/wiki/William_Fuller_(bishop),1608,1675,male,priest,http://www.wikidata.org/entity/Q15500099,priest,NA,NA,no
S012233,Dowager Duchess of Savoy,Dowager Duchess of Savoy,https://en.wikipedia.org/wiki/Marie_Jeanne_Baptiste_of_Savoy-Nemours,1644,1724,female,patron of the arts; art collector,http://www.wikidata.org/entity/Q33188,patron of the arts; art collector,Paris,Turin,no
E014088-S014453-T000000,"Montagu, Edward","Edward Montagu, Earl of Manchester; Montagu, Edward","https://en.wikipedia.org/wiki/Edward_Montagu,_2nd_Earl_of_Manchester",1602,1671,male,military personnel; politician; soldier,http://www.wikidata.org/entity/Q2702018,military personnel; politician; soldier,NA,NA,yes
S022413,"John Berkeley, Baron Berkeley of Stratton","John Berkeley, Baron Berkeley of Stratton","https://en.wikipedia.org/wiki/John_Berkeley,_1st_Baron_Berkeley_of_Stratton",1602,1678,male,politician; diplomat,http://www.wikidata.org/entity/Q3181045,politician; diplomat,NA,NA,yes
S047249,"Theobald Taaffe, Earl of Carlingford","Theobald Taaffe, Earl of Carlingford","https://en.wikipedia.org/wiki/Theobald_Taaffe,_1st_Earl_of_Carlingford",1603,1677,male,politician,http://www.wikidata.org/entity/Q3776796,politician,NA,NA,yes
E911246-S038373-T026395,"Robert Bertie, Lord Willoughby","Robert Bertie, Earl of Lindsey; Bertie, Robert; Robert Bertie, Lord Willoughby","https://en.wikipedia.org/wiki/Robert_Bertie,_1st_Earl_of_Lindsey",1582,1642,male,military officer,http://www.wikidata.org/entity/Q7342073,military officer,NA,Edge Hill,no
E600026-S019424-T000000,"Stubbe, Henry","Henry Stubbe; Stubbe, Henry",https://en.wikipedia.org/wiki/Henry_Stubbe,1632,1676,male,classical philologist; writer,http://www.wikidata.org/entity/Q1607289,classical philologist; writer,Lincolnshire,NA,no
E000520-S001769-T000000,"Arthur Annesley, Earl of Anglesey","Arthur Annesley, Earl of Anglesey; Annesley, Arthur","https://en.wikipedia.org/wiki/Arthur_Annesley,_1st_Earl_of_Anglesey",1614,1686,male,politician; barrister,http://www.wikidata.org/entity/Q708421,politician; barrister,Dublin,London,yes
S039502,Roger l&#x0027;Estrange,Roger l&#x0027;Estrange,https://en.wikipedia.org/wiki/Roger_L%27Estrange,1616,1704,male,writer; politician; translator; journalist; publisher; linguist,http://www.wikidata.org/entity/Q334268,writer; politician; translator; journalist; publisher; linguist,Hunstanton,London,yes
S042748,Sir John Monson,Sir John Monson,"https://en.wikipedia.org/wiki/Sir_John_Monson,_2nd_Baronet",1599,1683,male,politician,http://www.wikidata.org/entity/Q7527941,politician,NA,NA,yes
E014603-S035450-T000000,"Peter Mews, Bishop of Winchester","Peter Mews, Bishop of Winchester; Mews, Peter (Dr)",https://en.wikipedia.org/wiki/Peter_Mews,1619,1706,male,theologian; priest,http://www.wikidata.org/entity/Q7175865,theologian; priest,Stourton Caundle,Farnham Castle,no
E904150-S051429-T000000,"William Craven, Earl of Craven","William Craven, Earl of Craven; Craven, William","https://en.wikipedia.org/wiki/William_Craven,_1st_Earl_of_Craven_(1608%E2%80%931697)",1608,1697,male,military personnel,http://www.wikidata.org/entity/Q3013185,military personnel,NA,NA,no
S012870,Dr. Thomas Lamplugh,Dr. Thomas Lamplugh,https://en.wikipedia.org/wiki/Thomas_Lamplugh,1615,1691,male,priest,http://www.wikidata.org/entity/Q3525304,priest,Thwing,Bishopthorpe,no
E003520-S029712-T000000,Major-General Browne,"Major-General Browne; Browne, Richard (Sir)","https://en.wikipedia.org/wiki/Sir_Richard_Browne,_1st_Baronet,_of_London",1610,1669,male,politician,http://www.wikidata.org/entity/Q16190216,politician,NA,NA,yes
S052795,"William, Lord Paget","William, Lord Paget","https://en.wikipedia.org/wiki/William_Paget,_6th_Baron_Paget",1637,1713,male,diplomat,http://www.wikidata.org/entity/Q8016533,diplomat,NA,NA,no
E014954-S017498-T000000,"Morley, George","George Morley, Bishop of Winchester; Morley, George",https://en.wikipedia.org/wiki/George_Morley,1597,1684,male,priest,http://www.wikidata.org/entity/Q5542623,priest,Cheapside,Farnham,no
S027205,Lord Berkeley,Lord Berkeley,"https://en.wikipedia.org/wiki/George_Berkeley,_1st_Earl_of_Berkeley",1628,1698,male,politician,http://www.wikidata.org/entity/Q5536924,politician,NA,NA,yes
S043794,Sir Robert Vyner,Sir Robert Vyner,"https://en.wikipedia.org/wiki/Sir_Robert_Vyner,_1st_Baronet",1631,1688,male,politician; businessperson,http://www.wikidata.org/entity/Q2472240,politician; businessperson,NA,NA,yes
S051123,"William Blandford, Bishop of Worcester","William Blandford, Bishop of Worcester",https://en.wikipedia.org/wiki/Walter_Blandford,1616,1675,male,priest,http://www.wikidata.org/entity/Q7964317,priest,Melbury Abbas,NA,no
E913810-S043577-T000000,"Temple, Richard (Sir)","Sir Richard Temple; Temple, Richard (Sir)","https://en.wikipedia.org/wiki/Sir_Richard_Temple,_3rd_Baronet",1634,1697,male,politician,http://www.wikidata.org/entity/Q7528666,politician,NA,NA,yes
E903387-S043701-T000000,Sir Robert Holmes,"Sir Robert Holmes; Holmes, Robert (Sir)",https://en.wikipedia.org/wiki/Robert_Holmes_(Royal_Navy_officer),1622,1692,male,politician; military officer; slave trader,http://www.wikidata.org/entity/Q1677713,politician; military officer; slave trader,Mallow,NA,yes
S001450,"Anthony Ashley Cooper, Earl of Shaftesbury","Anthony Ashley Cooper, Earl of Shaftesbury","https://en.wikipedia.org/wiki/Anthony_Ashley_Cooper,_1st_Earl_of_Shaftesbury",1621,1683,male,politician; judge,http://www.wikidata.org/entity/Q336002,politician; judge,Dorset,Amsterdam,yes
S007002,"Charles Lennox, Duke of Richmond and Lennox","Charles Lennox, Duke of Richmond and Lennox","https://en.wikipedia.org/wiki/Charles_Lennox,_1st_Duke_of_Richmond",1672,1723,male,cricketer,http://www.wikidata.org/entity/Q938207,cricketer,London,Goodwood House,no
E600100-S041020-T000000,Sir Charles Scarborough,"Sir Charles Scarborough; Scarborough, Charles",https://en.wikipedia.org/wiki/Charles_Scarborough,1615,1694,male,physician; politician; mathematician; anatomist,http://www.wikidata.org/entity/Q5082376,physician; politician; mathematician; anatomist,London,London,yes
S044040,Sir Thomas Clarges,Sir Thomas Clarges,https://en.wikipedia.org/wiki/Thomas_Clarges,1618,1695,male,politician,http://www.wikidata.org/entity/Q2719028,politician,Westminster,NA,yes
E917332-S043193-T000000,Sir Orlando Bridgeman,"Sir Orlando Bridgeman; Bridgman, Orlando","https://en.wikipedia.org/wiki/Sir_Orlando_Bridgeman,_1st_Baronet,_of_Great_Lever",1608,1674,male,politician; jurist; Beamter; lawyer; judge; politician; jurist; Beamter; lawyer; judge; lawyer; judge; politician; jurist; Beamter,http://www.wikidata.org/entity/Q7528405,politician; jurist; Beamter; lawyer; judge; politician; jurist; Beamter; lawyer; judge; lawyer; judge; politician; jurist; Beamter,Exeter,NA,yes
S026155,Lady Elizabeth Carr,Lady Elizabeth Carr,"https://en.wikipedia.org/wiki/Henry_Bennet,_1st_Earl_of_Arlington",1618,1685,female,politician; diplomat,http://www.wikidata.org/entity/Q953718,politician; diplomat,Suffolk,NA,yes
S042687,"Sir John Knight, mayor of Bristol","Sir John Knight, mayor of Bristol",https://en.wikipedia.org/wiki/John_Knight_(died_1683),1612,1683,male,politician; merchant,http://www.wikidata.org/entity/Q6243319,politician; merchant,NA,NA,yes
S048740,"Thomas Smith, Bishop of Carlisle","Thomas Smith, Bishop of Carlisle",https://en.wikipedia.org/wiki/Thomas_Smith_(bishop_of_Carlisle),1615,1702,male,priest,http://www.wikidata.org/entity/Q7794033,priest,NA,NA,no
S041265,Sir Edward Hungerford,Sir Edward Hungerford,https://en.wikipedia.org/wiki/Edward_Hungerford_(Roundhead),1596,1648,male,politician,http://www.wikidata.org/entity/Q5343553,politician,NA,NA,yes
E007984-S011172-T000000,"Finch, Daniel","Daniel Finch, Earl of Nottingham and Winchilsea; Finch, Daniel","https://en.wikipedia.org/wiki/Daniel_Finch,_2nd_Earl_of_Nottingham",1647,1730,male,politician,http://www.wikidata.org/entity/Q2619683,politician,London,Burley,yes
E008139-S040866-T000000,Sir Arthur Forbes,"Sir Arthur Forbes; Forbes, Arthur (fl. before 1689/90)","https://en.wikipedia.org/wiki/Arthur_Forbes,_1st_Earl_of_Granard",1623,1696,male,politician,http://www.wikidata.org/entity/Q2491208,politician,NA,NA,yes
S041323,Sir Edward Sherburne,Sir Edward Sherburne,https://en.wikipedia.org/wiki/Edward_Sherburne,1618,1702,male,poet; translator,http://www.wikidata.org/entity/Q18593016,poet; translator,Ward of Cripplegate,England,no
E006690-S041673-T000000,Sir George Digby,"Sir George Digby; Digby, George","https://en.wikipedia.org/wiki/George_Digby,_2nd_Earl_of_Bristol",1612,1677,male,politician,http://www.wikidata.org/entity/Q2342809,politician,Madrid,London,yes
E018091-S052405-T000000,"William Sancroft, Archbishop of Canterbury","William Sancroft, Archbishop of Canterbury; Sancroft, William",https://en.wikipedia.org/wiki/William_Sancroft,1617,1693,male,priest,http://www.wikidata.org/entity/Q767960,priest,Suffolk,Suffolk,no
E002911-S031544-T000000,"Michael Boyle, Archbishop of Dublin","Michael Boyle, Archbishop of Dublin; Boyle, Michael",https://en.wikipedia.org/wiki/Michael_Boyle_(archbishop_of_Armagh),1609,1702,male,priest,http://www.wikidata.org/entity/Q6828776,priest,NA,NA,no
S043476,Sir Richard Ford,Sir Richard Ford,https://en.wikipedia.org/wiki/Richard_Ford_(Southampton_MP),1614,1678,male,politician,http://www.wikidata.org/entity/Q16837338,politician,NA,NA,yes
S040823,Sir Anthony Deane,Sir Anthony Deane,https://en.wikipedia.org/wiki/Anthony_Deane_(mayor),1638,1721,male,politician,http://www.wikidata.org/entity/Q4161753,politician,NA,NA,yes
E013492-S043730-T000000,Sir Robert Long,"Sir Robert Long; Long, Robert","https://en.wikipedia.org/wiki/Sir_Robert_Long,_1st_Baronet",1602,1673,male,politician; politician,http://www.wikidata.org/entity/Q7528807,politician; politician,NA,NA,yes
S012885,Dr. Thomas Tullie,Dr. Thomas Tullie,https://en.wikipedia.org/wiki/Thomas_Tully,1620,1676,male,theologian,http://www.wikidata.org/entity/Q7794591,theologian,NA,NA,no
E012178-S019202-T000000,"Jermyn, Henry","Henry Jermyn, Earl of St Albans; Jermyn, Henry","https://en.wikipedia.org/wiki/Henry_Jermyn,_1st_Earl_of_St_Albans",1605,1684,male,politician; diplomat,http://www.wikidata.org/entity/Q1523871,politician; diplomat,London,London,yes
E907719-S043693-T000000,Sir Robert Harley,"Sir Robert Harley; Harley, Robert (Sir)",https://en.wikipedia.org/wiki/Robert_Harley_(1579%E2%80%931656),1579,1656,male,politician,http://www.wikidata.org/entity/Q7345257,politician,NA,NA,yes
E300649-S043886-T000000,Sir Samuel Morland,"Sir Samuel Morland; Morland, Samuel (Sir)",https://en.wikipedia.org/wiki/Samuel_Morland,1625,1695,male,mathematician; engineer; diplomat; inventor; spy; civil engineer,http://www.wikidata.org/entity/Q950850,mathematician; engineer; diplomat; inventor; spy; civil engineer,Berkshire,Hammersmith,no
E921955-S041743-T000000,Sir George Rawdon,"Sir George Rawdon; Rawdon, George (Sir)","https://en.wikipedia.org/wiki/Sir_George_Rawdon,_1st_Baronet",1604,1684,male,politician; politician,http://www.wikidata.org/entity/Q16863589,politician; politician,NA,NA,yes
E912196-S001906-T000000,"Vere, Aubrey de","Aubrey de Vere, Earl of Oxford; Vere, Aubrey de","https://en.wikipedia.org/wiki/Aubrey_de_Vere,_20th_Earl_of_Oxford",1627,1703,male,military personnel,http://www.wikidata.org/entity/Q3440458,military personnel,Cambridge,London,no
S012423,Dr. Francis Turner,Dr. Francis Turner,https://en.wikipedia.org/wiki/Francis_Turner_(bishop),1637,1700,male,priest,http://www.wikidata.org/entity/Q5482634,priest,NA,NA,no
E015993-S036911-T000000,"Rev. Benjamin Parry, D.D","Rev. Benjamin Parry, D.D; Parry, Benjamin",https://en.wikipedia.org/wiki/Benjamin_Parry,1634,1678,male,priest,http://www.wikidata.org/entity/Q11805326,priest,NA,NA,no
E005455-S001780-T000000,"Capel, Arthur","Arthur Capel, Earl of Essex; Capel, Arthur","https://en.wikipedia.org/wiki/Arthur_Capell,_1st_Earl_of_Essex",1632,1683,male,statesperson; viceroy; graf; politician; revolutionary; viceroy; graf; politician; revolutionary; statesperson,http://www.wikidata.org/entity/Q2714210,statesperson; viceroy; graf; politician; revolutionary; viceroy; graf; politician; revolutionary; statesperson,NA,London,yes
E015051-S014454-T000000,"Montagu, Edward","Edward Montagu, Earl of Sandwich; Montagu, Edward","https://en.wikipedia.org/wiki/Edward_Montagu,_1st_Earl_of_Sandwich",1625,1672,male,politician; diplomat,http://www.wikidata.org/entity/Q335182,politician; diplomat,Barnwell,NA,yes
S044202,Sir Thomas Lynch,Sir Thomas Lynch,https://en.wikipedia.org/wiki/Thomas_Lynch_(governor),1700,1684,male,judge,http://www.wikidata.org/entity/Q2425904,judge,NA,NA,no
S012838,Dr. Tanaquil Faber,Dr. Tanaquil Faber,https://en.wikipedia.org/wiki/Tanneguy_Le_F%C3%A8vre,1615,1672,male,pastor; translator; theologian; university teacher; classical scholar; philosopher,http://www.wikidata.org/entity/Q1229690,pastor; translator; theologian; university teacher; classical scholar; philosopher,Caen,Saumur,no
E005561-S012565-T000000,"Dr. John Cosin, Vice-Chancellor of Cambridge University","Dr. John Cosin, Vice-Chancellor of Cambridge University; Cosin, John",https://en.wikipedia.org/wiki/John_Cosin,1594,1672,male,priest,http://www.wikidata.org/entity/Q5612348,priest,Norwich,London,no
E002945-S039349-T000000,"Roger Boyle, Earl of Orrery","Roger Boyle, Earl of Orrery; Boyle, Roger","https://en.wikipedia.org/wiki/Roger_Boyle,_1st_Earl_of_Orrery",1621,1679,male,writer; politician; playwright,http://www.wikidata.org/entity/Q1345535,writer; politician; playwright,Lismore,NA,yes
S025899,King Dom Pedro II,King Dom Pedro II,https://en.wikipedia.org/wiki/Peter_II_of_Portugal,1648,1706,male,monarch,http://www.wikidata.org/entity/Q156190,monarch,Ribeira Palace,Alcântara,no
E007997-S018851-T000000,"Heneage Finch, Earl of Nottingham","Heneage Finch, Earl of Nottingham; Finch, Heneage","https://en.wikipedia.org/wiki/Heneage_Finch,_1st_Earl_of_Nottingham",1621,1682,male,politician; judge,http://www.wikidata.org/entity/Q3784808,politician; judge,Eastwell,London,yes
E022443-S042999-T000000,"Williamson, Joseph (Sir)","Sir Joseph Williamson; Williamson, Joseph (Sir)",https://en.wikipedia.org/wiki/Joseph_Williamson_(English_politician),1633,1701,male,politician; diplomat,http://www.wikidata.org/entity/Q3185794,politician; diplomat,Bridekirk,Cobham,yes
E001346-S047404-T000000,"Thomas Barlow, Bishop of Lincoln","Thomas Barlow, Bishop of Lincoln; Barlow, Thomas",https://en.wikipedia.org/wiki/Thomas_Barlow_(bishop),1607,1691,male,librarian; theologian,http://www.wikidata.org/entity/Q7787391,librarian; theologian,NA,NA,no
S047480,Thomas Blood,Thomas Blood,https://en.wikipedia.org/wiki/Thomas_Blood,1618,1680,male,soldier,http://www.wikidata.org/entity/Q2032295,soldier,County Clare,Westminster,no
S037346,"Richard Butler, Earl of Arran","Richard Butler, Earl of Arran","https://en.wikipedia.org/wiki/Richard_Butler,_1st_Earl_of_Arran",1639,1686,male,politician,http://www.wikidata.org/entity/Q7324496,politician,NA,NA,yes
E019790-S012443-T000000,"Stradling, George","Dr. George Stradling; Stradling, George",https://en.wikipedia.org/wiki/George_Stradling,1620,1688,male,NA,http://www.wikidata.org/entity/Q14945678,NA,NA,NA,NA
E017482-S043764-T000000,Sir Robert Reynolds,"Sir Robert Reynolds; Reynolds, Robert",https://en.wikipedia.org/wiki/Robert_Reynolds_(Attorney_General),1601,1678,male,politician,http://www.wikidata.org/entity/Q7349251,politician,NA,NA,yes
S013497,Earl of Montagu,Earl of Montagu,"https://en.wikipedia.org/wiki/Ralph_Montagu,_1st_Duke_of_Montagu",1638,1709,male,politician; diplomat,http://www.wikidata.org/entity/Q7287871,politician; diplomat,England,England,yes
S012956,Dr. William Thomas,Dr. William Thomas,https://en.wikipedia.org/wiki/William_Thomas_(bishop),1613,1689,male,priest,http://www.wikidata.org/entity/Q8019291,priest,NA,NA,no
E916209-S041189-T000000,"Walker, Edward (Sir)","Sir Edward &#x201D;Walker; Walker, Edward (Sir)",https://en.wikipedia.org/wiki/Edward_Walker_(officer_of_arms),1611,1677,male,antiquarian,http://www.wikidata.org/entity/Q5345777,antiquarian,NA,NA,no
E000799-S042396-T000000,Sir John Ashburnham,"Sir John Ashburnham; Ashburnham, John",https://en.wikipedia.org/wiki/John_Ashburnham_(Royalist),1603,1671,male,politician; diplomat,http://www.wikidata.org/entity/Q6219560,politician; diplomat,NA,NA,yes
S012603,"Dr. John Parry, Dean of Christ Church","Dr. John Parry, Dean of Christ Church",https://en.wikipedia.org/wiki/John_Parry_(bishop),1620,1677,male,priest,http://www.wikidata.org/entity/Q6251982,priest,NA,NA,no
S042759,Sir John Nicholas,Sir John Nicholas,https://en.wikipedia.org/wiki/John_Nicholas_(1624%E2%80%931705),1624,1705,male,politician,http://www.wikidata.org/entity/Q25171880,politician,NA,NA,yes
E018180-S049044-T000000,"Wood, Thomas","Thomas Wood, Bishop of Coventry and Lichfield; Wood, Thomas",https://en.wikipedia.org/wiki/Thomas_Wood_(bishop_of_Lichfield_and_Coventry),1607,1692,male,priest,http://www.wikidata.org/entity/Q7795287,priest,NA,NA,no
E016521-S012874-T000000,"Pierce, Thomas (Dr)","Dr. Thomas Pierce; Pierce, Thomas (Dr)",https://en.wikipedia.org/wiki/Thomas_Pierce,1622,1691,male,theologian,http://www.wikidata.org/entity/Q7793162,theologian,NA,NA,no
E000189-S014115-T000000,Edward Bernard,"Edward Bernard; Bernard, Edward",https://en.wikipedia.org/wiki/Edward_Bernard,1638,1697,male,astronomer,http://www.wikidata.org/entity/Q5341875,astronomer,Paulerspury,Oxford,no
S040923,Sir Bernard Gascoigne,Sir Bernard Gascoigne,https://en.wikipedia.org/wiki/Bernard_Gascoigne,1614,1687,male,diplomat,http://www.wikidata.org/entity/Q4893156,diplomat,Florence,London,no
E300501-S037685-T000000,"Richard Jones, Earl of Ranelagh","Richard Jones, Earl of Ranelagh; Jones, Richard","https://en.wikipedia.org/wiki/Richard_Jones,_1st_Earl_of_Ranelagh",1641,1712,male,politician; politician,http://www.wikidata.org/entity/Q7326921,politician; politician,NA,NA,yes
E000145-S012650-T000000,Dr. Lancelot Addison,"Dr. Lancelot Addison; Addison, Launcelot (Dr)",https://en.wikipedia.org/wiki/Lancelot_Addison,1632,1703,male,chaplain,http://www.wikidata.org/entity/Q6483601,chaplain,NA,NA,no
E011642-S044852-T000000,"Wentworth, William","Sir William Wentworth; Wentworth, William","https://en.wikipedia.org/wiki/William_Wentworth,_2nd_Earl_of_Strafford",1626,1695,male,writer,http://www.wikidata.org/entity/Q8020191,writer,NA,NA,no
E923520-S043262-T000000,"Wyche, Peter (Sir)","Sir Peter Wyche; Wyche, Peter (Sir)",https://en.wikipedia.org/wiki/Peter_Wyche_(diplomat),1628,1699,male,diplomat; translator,http://www.wikidata.org/entity/Q7177806,diplomat; translator,NA,NA,no
S042098,Sir Horatio Townsend,Sir Horatio Townsend,"https://en.wikipedia.org/wiki/Horatio_Townshend,_1st_Viscount_Townshend",1630,1687,male,politician,http://www.wikidata.org/entity/Q5902810,politician,NA,NA,yes
E018557-S012448-T000000,"Sheldon, Gilbert","Dr. Gilbert Sheldon; Sheldon, Gilbert",https://en.wikipedia.org/wiki/Gilbert_Sheldon,1598,1677,male,priest,http://www.wikidata.org/entity/Q584403,priest,Staffordshire,Lambeth Palace,no
E016079-S043752-T000000,Sir Robert Paston,"Sir Robert Paston; Paston, Robert","https://en.wikipedia.org/wiki/Robert_Paston,_1st_Earl_of_Yarmouth",1631,1683,male,politician,http://www.wikidata.org/entity/Q15072659,politician,NA,NA,yes
S042423,Sir John Berkenhead,Sir John Berkenhead,https://en.wikipedia.org/wiki/John_Birkenhead,1616,1679,male,politician; journalist,http://www.wikidata.org/entity/Q6221972,politician; journalist,NA,NA,yes
S044195,Sir Thomas Littleton,Sir Thomas Littleton,"https://en.wikipedia.org/wiki/Sir_Thomas_Littleton,_3rd_Baronet",1647,1710,male,politician; politician,http://www.wikidata.org/entity/Q7529189,politician; politician,NA,NA,yes
E019066-S007456-T000000,"Hatton, Christopher","Christopher Hatton, Viscount Hatton; Hatton, Christopher","https://en.wikipedia.org/wiki/Christopher_Hatton,_1st_Viscount_Hatton",1632,1706,male,politician,http://www.wikidata.org/entity/Q5112502,politician,NA,NA,yes
E916270-S043706-T000000,Sir Robert Howard,"Sir Robert Howard; Howard, Robert (Sir)",https://en.wikipedia.org/wiki/Robert_Howard_(playwright),1626,1698,male,politician; playwright; poet; poet; politician; playwright,http://www.wikidata.org/entity/Q3435421,politician; playwright; poet; poet; politician; playwright,NA,NA,yes
E019114-S048156-T000000,Thomas Hyde,"Thomas Hyde; Hyde, Thomas (Dr)",https://en.wikipedia.org/wiki/Thomas_Hyde,1636,1703,male,interpreter; teacher; librarian; orientalist,http://www.wikidata.org/entity/Q641882,interpreter; teacher; librarian; orientalist,Shropshire,Oxford,no
E000312-S012741-T000000,Dr. Richard Allestree,"Dr. Richard Allestree; Allestree, Richard (Dr)",https://en.wikipedia.org/wiki/Richard_Allestree,1619,1681,male,priest,http://www.wikidata.org/entity/Q7323691,priest,Uppington,Eton,no
E007558-S022969-T000000,John Ellis,"John Ellis; Ellis, John",https://en.wikipedia.org/wiki/John_Ellis_(Harwich_MP),1643,1738,male,politician,http://www.wikidata.org/entity/Q15072636,politician,NA,NA,yes
E013473,"Lister, Martin","Lister, Martin; Martin Lister",https://en.wikipedia.org/wiki/Martin_Lister,1639,1712,male,physician and naturalist,http://www.wikidata.org/entity/Q513593,geologist; physician; naturalist,Buckinghamshire,Epsom,no
E004830-S019312-T000000,"Oldenburg, Henry","Henry Oldenburg; Oldenburg, Henry",https://en.wikipedia.org/wiki/Henry_Oldenburg,1619,1677,male,diplomat; editor; philosopher,http://www.wikidata.org/entity/Q700422,diplomat; editor; philosopher,Bremen,Charlton,no
E600088,"Sluse, René François de","Sluse, René François de; René François Walter de Sluse; Sluse, René Francois de; Sluse, René François; Slusio, Renato Francisco; Renatius Franciscus Slusius; Walther de Sluze; Renatus Franciscus Slusius; Renatus Slusius; Renatius Slusius",https://en.wikipedia.org/wiki/Ren%C3%A9-Fran%C3%A7ois_de_Sluse,1622,1685,male,Walloon mathematician; clergyman,http://www.wikidata.org/entity/Q1394765,mathematician,Visé,Liège,no
E008063,"Flamsteed, John","Flamsteed, John; Flamstead; John Flamsteed, Astronomer Royal",https://en.wikipedia.org/wiki/John_Flamsteed,1646,1719,male,Astronomer; astronomer royal; FRS,http://www.wikidata.org/entity/Q242388,astronomer,Derbyshire,Greenwich,no
E922238,"Martindale, Adam","Martindale, Adam",https://en.wikipedia.org/wiki/Adam_Martindale,1623,1686,male,civil servant,http://www.wikidata.org/entity/Q4679454,civil servant,NA,NA,no
E600059-S012260-T000000,"Wallis, John (Dr)","Dr John Wallis; Wallis, John (Dr)",https://en.wikipedia.org/wiki/John_Wallis,1616,1703,male,philosopher; musicologist; music theorist; historian of mathematics; cryptologist; mathematician; archivist; university teacher,http://www.wikidata.org/entity/Q208359,philosopher; musicologist; music theorist; historian of mathematics; cryptologist; mathematician; archivist; university teacher,Ashford,Oxford,no
E019508-S001553-T000000,"Sparrow, Anthony (Dr)","Anthony Sparrow, Bishop of Norwich; Sparrow, Anthony (Dr)",https://en.wikipedia.org/wiki/Anthony_Sparrow,1612,1685,male,priest,http://www.wikidata.org/entity/Q4773496,priest,Depden,Norwich,no
E600089,"Borelli, Giovanni Alfonso","Borelli, Giovanni Alfonso; Borellius; John Borelli; John Borellius",https://en.wikipedia.org/wiki/Giovanni_Alfonso_Borelli,1608,1679,male,"Italian physiologist, physicist, and mathematician",http://www.wikidata.org/entity/Q311814,mathematician; physicist; inventor; entomologist; historian of mathematics; astronomer; physician,Naples,Rome,no
E902358,"Barbarigo, Gregorio","Barbarigo, Gregorio",https://en.wikipedia.org/wiki/Gregorio_Barbarigo,1625,1697,male,"Italian cardinal, diplomat, and scholar",http://www.wikidata.org/entity/Q558136,Catholic priest,Venice,Padua,no
E012383,"Junius, Franciscus","Junius, Franciscus; Du Jon, Francis; Franciscus Junius the younger; Francis Junius",https://en.wikipedia.org/wiki/Franciscus_Junius_(the_younger),1591,1677,male,German philologist; writer on art; librarian; manuscript collector; brother-in-law of Gerardus Joannes Vossius (1577-1649); uncle of Isaac Vossius (1618-89),http://www.wikidata.org/entity/Q2951068,librarian; art historian; philologist,Heidelberg,Windsor,no
E009478-S012508-T000000,"Vossius, Isaac (Dr)","Dr. Isaac Vossius; Vossius, Isaac (Dr)",https://en.wikipedia.org/wiki/Isaac_Vossius,1618,1689,male,librarian; classical scholar; instrument maker; canon; musicologist; music theorist; bibliophile; classical philologist,http://www.wikidata.org/entity/Q3112766,librarian; classical scholar; instrument maker; canon; musicologist; music theorist; bibliophile; classical philologist,Leiden,Windsor,no
E300821,"Worthington, John","Worthington, John",https://en.wikipedia.org/wiki/John_Worthington_(academic),1618,1671,male,Church of England clergyman; translator and editor of philosophical works,http://www.wikidata.org/entity/Q6264915,theologian; university teacher; philosopher,Manchester,London,no
E600096-S010574-T000000,"Medici, Cosimo III de'","Cosimo III de Medici, Grand Duke of Tuscany; Medici, Cosimo III de'","https://en.wikipedia.org/wiki/Cosimo_III_de%27_Medici,_Grand_Duke_of_Tuscany",1642,1723,male,statesperson,http://www.wikidata.org/entity/Q47292,statesperson,Florence,Florence,no
E003494,"Browne, Edward","Browne, Edward; Edward Brown; Edward Browne",https://en.wikipedia.org/wiki/Edward_Browne_(physician),1644,1708,male,Physician; traveller,http://www.wikidata.org/entity/Q15430207,writer; physician,Norwich,Northfleet,no
E906453-S026312-T000000,"Willughby, Francis","Lady Willoughby; Willughby, Francis",https://en.wikipedia.org/wiki/Francis_Willughby,1635,1672,male,ornithologist; ichthyologist; naturalist,http://www.wikidata.org/entity/Q555575,ornithologist; ichthyologist; naturalist,Warwickshire,Wollaton Hall,no
E014890,"More, Henry (Dr)","More, Henry (Dr); Henry More",https://en.wikipedia.org/wiki/Henry_More,1614,1687,male,"philosopher, poet, and theologian; Christ's College, Cambridge; FRS",http://www.wikidata.org/entity/Q528802,philosopher,Grantham,Cambridge,no
E008491-S047956-T000000,Thomas Gale,"Thomas Gale; Gale, Thomas (Dr)",https://en.wikipedia.org/wiki/Thomas_Gale,1636,1702,male,university teacher; Anglican priest; mythographer; classical philologist,http://www.wikidata.org/entity/Q2424128,university teacher; Anglican priest; mythographer; classical philologist,Scruton,York,no
E019641,"Stanley, Thomas","Stanley, Thomas",https://en.wikipedia.org/wiki/Thomas_Stanley_(author),1625,1678,male,English poet and classical scholar,http://www.wikidata.org/entity/Q4444796,historian,Buntingford,London,no
E012405-S019209-T000000,"Justel, Henri","Henry Justel; Justel, Henri",https://en.wikipedia.org/wiki/Henri_Justel,1620,1693,male,librarian; canon law jurist,http://www.wikidata.org/entity/Q5379842,librarian; canon law jurist,NA,NA,no
E003476-S051213-T000000,"William Brouncker, Viscount Brouncker of Lyons","William Brouncker, Viscount Brouncker of Lyons; Brouncker, William","https://en.wikipedia.org/wiki/William_Brouncker,_2nd_Viscount_Brouncker",1620,1684,male,mathematician; university teacher,http://www.wikidata.org/entity/Q451693,mathematician; university teacher,Castlelyons,London,no
E100041,"Charas, Moyse","Charas, Moyse; Charas, Moise; Charas, Moïse; Moise Charas",https://en.wikipedia.org/wiki/Moyse_Charas,1619,1698,male,"Apothecary, in Paris",http://www.wikidata.org/entity/Q3327030,pharmacist; herpetologist,Uzès,Paris,no
E011519,"Huet, Pierre Daniel","Huet, Pierre Daniel; Huet, Petrus Daniel; Huetius, Peter Daniel; Monsieur Huet; Pierre Daniel Huet",https://en.wikipedia.org/wiki/Pierre_Daniel_Huet,1630,1721,male,bishop of Avranches; French scholar,http://www.wikidata.org/entity/Q568497,Catholic priest; theologian; philosopher; writer,Caen,Paris,no
E400236,"Ray, John","Ray, John; Wray, John; John Ray; John Wray; Reay",https://en.wikipedia.org/wiki/John_Ray,1627,1705,male,Naturalist; theologian; FRS,http://www.wikidata.org/entity/Q316949,zoologist; theologian; botanist; ornithologist; bryologist; naturalist,Black Notley,Braintree,no
E100048,"Cotton, Charles","Cotton, Charles",https://en.wikipedia.org/wiki/Charles_Cotton,1630,1687,male,Poet and writer; author 'The Compleat Gamester' (1674),http://www.wikidata.org/entity/Q2958807,writer; poet,Alstonefield,NA,no
E020176-S048831-T000000,"Thomas Tenison, Archbishop of Canterbury","Thomas Tenison, Archbishop of Canterbury; Tenison, Thomas",https://en.wikipedia.org/wiki/Thomas_Tenison,1636,1715,male,priest,http://www.wikidata.org/entity/Q680725,priest,Cottenham,Lambeth,no
E600108,"Bartholin, Erasmus","Bartholin, Erasmus; Erasmus Bartholinus; Rasmus Bartholin; Eramus Bartholin; Erasmus Bartholin",https://en.wikipedia.org/wiki/Rasmus_Bartholin,1625,1698,male,Danish mathematician,http://www.wikidata.org/entity/Q504352,judge; physician; mathematician; physicist; chemist; university teacher; anatomist,Roskilde,Copenhagen,no
E300305,"Childrey, Joshua","Childrey, Joshua; Joshua Childrey; Mr Childrey",https://en.wikipedia.org/wiki/Joshua_Childrey,1625,1670,male,antiquary; astrologer,http://www.wikidata.org/entity/Q16859675,priest; astrologer; entomologist,NA,NA,no
E300533,"Tonge, Israel","Tonge, Israel; Tongue, E.; Tonge, Ezreel; Dr Tongue; Ezerel Tongue; Israel Tonge",https://en.wikipedia.org/wiki/Israel_Tonge,1621,1680,male,English divine,http://www.wikidata.org/entity/Q15463126,theologian,Tickhill,NA,no
E915139-S024988-T000000,Joseph Bampfield,"Joseph Bampfield; Bampfield, Joseph",https://en.wikipedia.org/wiki/Joseph_Bampfield,1622,1685,male,colonel,http://www.wikidata.org/entity/Q6281308,colonel,NA,NA,no
E021779-S040314-T000000,"Ward, Seth","Seth Ward, Bishop of Salisbury; Ward, Seth",https://en.wikipedia.org/wiki/Seth_Ward_(bishop_of_Salisbury),1617,1689,male,astronomer; priest; mathematician; university teacher; mathematician; university teacher; astronomer; priest; mathematician; university teacher; astronomer; priest,http://www.wikidata.org/entity/Q326763,astronomer; priest; mathematician; university teacher; mathematician; university teacher; astronomer; priest; mathematician; university teacher; astronomer; priest,Aspenden,London,no
E903317,"Chapelain, Jean","Chapelain, Jean",https://en.wikipedia.org/wiki/Jean_Chapelain,1595,1674,male,French poet; founding member of L'Académie française,http://www.wikidata.org/entity/Q334978,philosopher; literary critic; writer; poet,Paris,Paris,no
E011527-S010405-T000000,"Huygens, Constantijn","Constantin Huygens; Huygens, Constantijn",https://en.wikipedia.org/wiki/Constantijn_Huygens,1596,1687,male,diplomat; lutenist; composer; poet,http://www.wikidata.org/entity/Q560746,diplomat; lutenist; composer; poet,The Hague,The Hague,no
E912405,"Kerckring, Theodor","Kerckring, Theodor; Kerckeringh; Kerckerinck; Dirk Kerckring; Theodor Kerckring; Theodorus Kerckrin",https://en.wikipedia.org/wiki/Theodor_Kerckring,1638,1693,male,Dutch anatomist; chemical physician,http://www.wikidata.org/entity/Q440526,anatomist; physician; chemist,Amsterdam,Hamburg,no
E902243,"Malpighi, Marcello","Malpighi, Marcello; Marcello Malpighi",https://en.wikipedia.org/wiki/Marcello_Malpighi,1628,1694,male,Italian doctor,http://www.wikidata.org/entity/Q232583,professor; zoologist; botanist; entomologist; anatomist,Crevalcore,Rome,no
E900815-S031558-T000000,"Ruyter, Michiel Adriaenszoon de","Michael De Ruyter; Ruyter, Michiel Adriaenszoon de",https://en.wikipedia.org/wiki/Michiel_de_Ruyter,1607,1676,male,military officer,http://www.wikidata.org/entity/Q316945,military officer,Vlissingen,Syracuse,no
E905324,"Ménage, Gilles","Ménage, Gilles; Gilles Menage",https://en.wikipedia.org/wiki/Gilles_M%C3%A9nage,1613,1692,male,French scholar,http://www.wikidata.org/entity/Q648856,literary critic; linguist; lexicographer; literary; lawyer; writer,Angers,Paris,no
E921957-S017587-T000000,"Rust, George","George Rust; Rust, George",https://en.wikipedia.org/wiki/George_Rust_(bishop),1628,1670,male,theologian; Anglican priest; philosopher,http://www.wikidata.org/entity/Q5394199,theologian; Anglican priest; philosopher,NA,NA,no
E300115,"Kircher, Athanasius","Kircher, Athanasius; Chircherus, Atanasio; Chircher, Atanasio; Kircher, Athanase; Kirchere, Athanase; Kirker, Athanase; Kercher",https://en.wikipedia.org/wiki/Athanasius_Kircher,1601,1680,male,German Jesuit scholar,http://www.wikidata.org/entity/Q76738,mathematician; physicist; historian; Catholic priest; inventor; geologist; biologist; theologian; university teacher; egyptologist; archaeologist; museologist; volcanologist; linguist; musicologist; music theorist; polymath; astronomer; composer; writer; naturalist,Geisa,Rome,no
E902629,"Braunschweig-Lüneburg, Sophia Elisabeth von","Braunschweig-Lüneburg, Sophia Elisabeth von; Sophie Elisabeth von Mecklenburg",https://en.wikipedia.org/wiki/Duchess_Elisabeth_Sophie_of_Mecklenburg,1613,1676,male,"Duchess of Brunswick-Lüneburg, poet, composer",http://www.wikidata.org/entity/Q448131,composer; writer; poet,Güstrow,Lüneburg,no
E903378,"Du Hamel, Jean Baptiste","Du Hamel, Jean Baptiste; Hamel, Jean Baptiste du; Jean-Baptiste Du Hamel; Duhamel; de Hamel; Jean Baptiste du Hamel",https://en.wikipedia.org/wiki/Jean-Baptiste_du_Hamel,1624,1706,male,"French astronomer, natural philosopher and physicist; cleric; first secretary of the Academie Royale des Sciences; Prior of St Lambert",http://www.wikidata.org/entity/Q331054,professor; mathematician; physicist; theologian; philosopher; anatomist,Vire,Paris,no
E013152-S018039-T000000,"Leibniz, Gottfried Wilhelm","Gottfried Wilhelm Leibniz; Leibniz, Gottfried Wilhelm",https://en.wikipedia.org/wiki/Gottfried_Wilhelm_Leibniz,1646,1716,male,mathematician; physicist; engineer; librarian; historian; diplomat; zoologist; jurist; translator; geologist; archivist; biologist; philosopher; musicologist; writer; poet; music theorist; policy advisor; diplomatician,http://www.wikidata.org/entity/Q9047,mathematician; physicist; engineer; librarian; historian; diplomat; zoologist; jurist; translator; geologist; archivist; biologist; philosopher; musicologist; writer; poet; music theorist; policy advisor; diplomatician,Leipzig,Hanover,no
E006850,"Dodwell, Henry","Dodwell, Henry; Dodwell, Henry (the elder)",https://en.wikipedia.org/wiki/Henry_Dodwell,1641,1711,male,scholar and theologian,http://www.wikidata.org/entity/Q3132744,historian; theologian,Dublin,Shottesbrooke,no
E901952,"Stansel, Valentine","Stansel, Valentine; Valentine Stansel S.J.; Valentinus Stansel; Stansel, Valentin",https://en.wikipedia.org/wiki/Valentin_Stansel,1621,1705,male,Moravian Jesuit astonomer; missionary to Brazil,http://www.wikidata.org/entity/Q7910813,astronomer,Olomouc,Salvador,no
E021031-S049939-T000000,Van Beuningen,"Van Beuningen; Beuningen, Coenraad van",https://en.wikipedia.org/wiki/Coenraad_van_Beuningen,1622,1693,male,politician; diplomat,http://www.wikidata.org/entity/Q1106683,politician; diplomat,Amsterdam,Amsterdam,yes
E300829,"Ingelo, Nathaniel (Dr)","Ingelo, Nathaniel (Dr); Angelo, Natheniel; Ingeley, Nathanaell",https://en.wikipedia.org/wiki/Nathaniel_Ingelo,1620,1683,male,author; fellow of Eton College; doctor of divinity (Cambridge) 1658,http://www.wikidata.org/entity/Q6969690,writer; priest,NA,NA,no
E904647,"Plante, Franciscus","Plante, Franciscus; Franciscus Plante",https://en.wikipedia.org/wiki/Franciscus_Plante,1613,1690,male,"Minister in the Dutch colony in Brazil, then in Strijen, in Zevenbergen, and in Breda; Dutch poet; chaplain; Plante later wrote Barlaeus's obituary, 1648",http://www.wikidata.org/entity/Q5484237,chaplain,NA,NA,no
E012119-S043025-T000000,Sir Leoline Jenkins,"Sir Leoline Jenkins; Jenkins, Leoline (Sir)",https://en.wikipedia.org/wiki/Leoline_Jenkins,1625,1685,male,lawyer; politician; diplomat; jurist,http://www.wikidata.org/entity/Q6524435,lawyer; politician; diplomat; jurist,Llantrisant,Oxford,yes
E902181,"De Graaf, Regnier","De Graaf, Regnier; Reinier de Graaf; Reijnerus de Graeff; Graaf, Reinier; Graaf, Reinier de; Regnier de Graaf",https://en.wikipedia.org/wiki/Regnier_de_Graaf,1641,1673,male,Dutch physician and anatomist,http://www.wikidata.org/entity/Q266995,physiologist; anatomist; gynaecologist; physician; naturalist,Schoonhoven,Delft,no
E300472,"Hevelius, Johannes","Hevelius, Johannes; Hevelius, Johann; Hewel, Johannes; Hewelke; Höwelcke; Heweliusz, Jan; Hevelius, Johann; Hewelce",https://en.wikipedia.org/wiki/Johannes_Hevelius,1611,1687,male,Astronomer,http://www.wikidata.org/entity/Q57963,astronomer; entrepreneur; cartographer,Gdańsk,Gdańsk,no
E002852,"Bourignon, Antoinette","Bourignon, Antoinette",https://en.wikipedia.org/wiki/Antoinette_Bourignon,1616,1680,female,Flemish religious visionary,http://www.wikidata.org/entity/Q270552,mystic,Lille,Franeker,no
E902822,"Swammerdam, Jan","Swammerdam, Jan; Swammerdam, Joan; Swammerdam, Johannes; Jan Swammerdam",https://en.wikipedia.org/wiki/Jan_Swammerdam,1637,1680,male,Dutch biologist and microscopist,http://www.wikidata.org/entity/Q336794,beekeeper; entomologist; anatomist; physician,Amsterdam,Amsterdam,no
E904834,"La Trémouille, Henri de","La Trémouille, Henri de; Tremouille, Henri de la; Trémouille, Charles Henri de la; Henri de la Trémouille, prince of Tarente",https://en.wikipedia.org/wiki/Henri_de_La_Tr%C3%A9moille,1599,1674,male,"husband of Marie de la Tour d'Auvergne; duc de Thouars, de La Tremoille, and prince de Talmond et Tarante",http://www.wikidata.org/entity/Q732769,military officer,Thouars,Thouars,no
E300817,"Winthrop, John","Winthrop, John; John Winthrop, junior; John Winthrop the Younger; Winthorp [sic]; Mr Winthrop",https://en.wikipedia.org/wiki/John_Winthrop_the_Younger,1606,1676,male,colonial governor and physician; son of John Winthrop (1588-1649); governor of Connecticut,http://www.wikidata.org/entity/Q370866,politician; magistrate,Edwardstone,Boston,yes
E009471-S041856-T000000,"Sir Harbottle Grimston, Speaker of the House of Commons","Sir Harbottle Grimston, Speaker of the House of Commons; Grimston, Harbottle (Sir)","https://en.wikipedia.org/wiki/Sir_Harbottle_Grimston,_2nd_Baronet",1603,1685,male,judge; politician; judge; politician,http://www.wikidata.org/entity/Q15070179,judge; politician; judge; politician,Bradfield Hall,NA,yes
E904277-S035294-T000000,Pensionary Fagel,"Pensionary Fagel; Fagel, Gaspar",https://en.wikipedia.org/wiki/Gaspar_Fagel,1634,1688,male,politician; jurist,http://www.wikidata.org/entity/Q388711,politician; jurist,The Hague,The Hague,yes
E005454-S027908-T000000,Lord Shaftesbury,"Lord Shaftesbury; Cooper, Anthony Ashley (Sir)","https://en.wikipedia.org/wiki/Anthony_Ashley_Cooper,_1st_Earl_of_Shaftesbury",1621,1683,male,politician; judge,http://www.wikidata.org/entity/Q336002,politician; judge,Dorset,Amsterdam,yes
E902488,"Magalotti, Lorenzo","Magalotti, Lorenzo; Magalotti, Laurentius; Laurence Magalotti; Lorenzo Magalotti",https://en.wikipedia.org/wiki/Lorenzo_Magalotti,1637,1712,male,"Italian philosopher, author, diplomat and poet",http://www.wikidata.org/entity/Q590501,diplomat; translator; philosopher; drawer; poet; priest,Rome,Florence,no
E902633,"Spinola, Giambattista","Spinola, Giambattista; Giovanni Battista Spinola",https://en.wikipedia.org/wiki/Giambattista_Spinola,1615,1704,male,Archbishop of Genoa,http://www.wikidata.org/entity/Q3105129,Catholic priest,Madrid,Rome,no
E017871-S036110-T000000,"Rupert, Prince and Count Palatine of the Rhine","Prince Rupert, Count Palatine of the Rhine, Duke of Cumberland; Rupert, Prince and Count Palatine of the Rhine",https://en.wikipedia.org/wiki/Prince_Rupert_of_the_Rhine,1619,1682,male,politician; inventor; engraver,http://www.wikidata.org/entity/Q76930,politician; inventor; engraver,Prague,London,yes
E000393-S036175-T000000,"Solms-Braunfels, Amalia von","Princess Amelia of Orange; Solms-Braunfels, Amalia von",https://en.wikipedia.org/wiki/Amalia_of_Solms-Braunfels,1602,1675,female,art collector; patron of the arts; lady-in-waiting,http://www.wikidata.org/entity/Q62511,art collector; patron of the arts; lady-in-waiting,Braunfels,The Hague,no
E013898,"Ludolf, Job","Ludolf, Job; Ludolf, Jobus; Ludolf, Hiob; Leutholf, Job; Ludolfus",https://en.wikipedia.org/wiki/Hiob_Ludolf,1624,1704,male,German orientalist,http://www.wikidata.org/entity/Q66475,orientalist; philologist,Erfurt,Frankfurt,no
E907146,"Morhof, Daniel Georg","Morhof, Daniel Georg",https://en.wikipedia.org/wiki/Daniel_Georg_Morhof,1639,1691,male,German Latin writer and scholar,http://www.wikidata.org/entity/Q99609,librarian; historian; university teacher,Wismar,Lübeck,no
E700407,"Schurman, Anna Maria van","Schurman, Anna Maria van; von Schürmann; Schuurman",https://en.wikipedia.org/wiki/Anna_Maria_van_Schurman,1607,1678,female,"German-Dutch painter, engraver, poet and scholar",http://www.wikidata.org/entity/Q255261,jurist; painter; theologian; philosopher; writer; poet,Cologne,Wiuwert,no
E002622-S014197-T000000,"Edward Conway, Earl of Conway","Edward Conway, Earl of Conway; Conway, Edward","https://en.wikipedia.org/wiki/Edward_Conway,_1st_Earl_of_Conway",1623,1683,male,politician,http://www.wikidata.org/entity/Q5342394,politician,NA,NA,yes
E902248,"Denis, Jean-Baptiste","Denis, Jean-Baptiste; Denys, Jean-Baptiste; Jean Baptiste Denis; Jean Denis; Monsieur Denis",https://en.wikipedia.org/wiki/Jean-Baptiste_Denys,1643,1704,male,Personal physician to King Louis XIV,http://www.wikidata.org/entity/Q729940,physician; philosopher,Paris,Paris,no
E600372,"Cassini, Jean Dominique","Cassini, Jean Dominique; Giandomenico Cassini; Jean-Dominique Cassini; Giovanni Domenico Cassini; Jean Cassini; Jean Dominique Cassini",https://en.wikipedia.org/wiki/Giovanni_Domenico_Cassini,1625,1712,male,"Italian/French mathematician, astronomer, engineer, and astrologer",http://www.wikidata.org/entity/Q14279,geodesist; astronomer; selenographer; mathematician; engineer; astrologer; biologist,Perinaldo,Paris,no
E903322,"Colbert, Jean-Baptiste","Colbert, Jean-Baptiste",https://en.wikipedia.org/wiki/Jean-Baptiste_Colbert,1619,1683,male,"French politician; Minister of Finance, 1665-83",http://www.wikidata.org/entity/Q188971,politician; economist; jurist; Clerical Officer,Reims,Paris,yes
E012855,"Lambeck, Peter","Lambeck, Peter; Lambecius, Petrus; Petrus Lambecius; Peter Lambeck",https://en.wikipedia.org/wiki/Peter_Lambeck,1628,1680,male,German historian; Emperor Leopold's librarian,http://www.wikidata.org/entity/Q69049,law librarian; librarian; historian; literary critic; librarian; historian; literary critic; law librarian,Hamburg,Vienna,no
E009376-S012687-T000000,"Grew, Nehemiah","Dr. Nehemiah Grew; Grew, Nehemiah",https://en.wikipedia.org/wiki/Nehemiah_Grew,1641,1712,male,physician; botanist,http://www.wikidata.org/entity/Q507790,physician; botanist,Warwickshire,London,no
E019475-S002308-T000000,"Spanheim, Ezekiel","Baron Spanheim; Spanheim, Ezekiel","https://en.wikipedia.org/wiki/Ezekiel,_Freiherr_von_Spanheim",1629,1710,male,diplomat; university teacher; numismatist; diplomat; university teacher; numismatist,http://www.wikidata.org/entity/Q70223,diplomat; university teacher; numismatist; diplomat; university teacher; numismatist,Geneva,London,no
E005604-S042501-T000000,Sir John Cotton,"Sir John Cotton; Cotton, John (Sir)","https://en.wikipedia.org/wiki/Sir_John_Cotton,_3rd_Baronet,_of_Connington",1621,1702,male,politician,http://www.wikidata.org/entity/Q7527684,politician,NA,NA,yes
E011627-S036273-T000000,"Provost and Fellows of Trinity College, Dublin","Provost and Fellows of Trinity College, Dublin; Huntington, Robert (Dr)",https://en.wikipedia.org/wiki/Robert_Huntington,1636,1701,male,priest,http://www.wikidata.org/entity/Q15440182,priest,Deerhurst,Dublin,no
E904004,"Beverningh, Hieronymus van","Beverningh, Hieronymus van; Beverningk; Beverningk, Hieronymus van; Beverningh, Hieronymus",https://en.wikipedia.org/wiki/Hieronymus_van_Beverningh,1614,1690,male,"Dutch regent, diplomat, amateur botanist, and patron",http://www.wikidata.org/entity/Q433522,politician; diplomat,Gouda,NA,yes
E902331,"Weikhard von Auersperg, Johann","Weikhard von Auersperg, Johann; Weikart; Weickard",https://en.wikipedia.org/wiki/Johann_Weikhard_of_Auersperg,1615,1677,male,"Prime Minister of Austria, first Prince of Auersperg, Imperial Prince of Tengen, Duke of Münsterberg, tutor to Ferdinand IV",http://www.wikidata.org/entity/Q325908,politician,Žužemberk Castle,Ljubljana,yes
E002620-S051125-T000000,William Blathwaite,"William Blathwaite; Blathwayt, William",https://en.wikipedia.org/wiki/William_Blathwayt,1649,1717,male,politician; diplomat,http://www.wikidata.org/entity/Q1686608,politician; diplomat,"St Martin-in-the-Fields, Westminster",South Gloucestershire,yes
E007999-S042578-T000000,"Sir John Finch, his brother-in-law","Sir John Finch, his brother-in-law; Finch, John (Sir)",https://en.wikipedia.org/wiki/John_Finch_(ambassador),1626,1682,male,diplomat,http://www.wikidata.org/entity/Q6233132,diplomat,NA,NA,no
E900860-S015130-T000000,"Leopold I, Holy Roman Emperor","Emperor Leopold I; Leopold I, Holy Roman Emperor","https://en.wikipedia.org/wiki/Leopold_I,_Holy_Roman_Emperor",1640,1705,male,composer; monarch,http://www.wikidata.org/entity/Q150494,composer; monarch,Vienna,Vienna,no
E001471-S030430-T000000,"Master and Fellows of Trinity College, Cambridge","Master and Fellows of Trinity College, Cambridge; Barrow, Isaac",https://en.wikipedia.org/wiki/Isaac_Barrow,1630,1677,male,mathematician; physicist; theologian; university teacher; philosopher; historian of mathematics,http://www.wikidata.org/entity/Q207718,mathematician; physicist; theologian; university teacher; philosopher; historian of mathematics,London,London,no
E004454-S051301-T000000,"William Cavendish, Duke of Newcastle upon Tyne","William Cavendish, Duke of Newcastle upon Tyne; Cavendish, William","https://en.wikipedia.org/wiki/William_Cavendish,_1st_Duke_of_Newcastle",1592,1676,male,writer; poet; politician; soldier,http://www.wikidata.org/entity/Q1101373,writer; poet; politician; soldier,Handsworth,Welbeck,yes
E902321-S006658-T000000,"Hessen-Darmstadt, Friedrich von","Cardinal of Hesse; Hessen-Darmstadt, Friedrich von",https://en.wikipedia.org/wiki/Frederick_of_Hesse-Darmstadt,1616,1682,male,Catholic priest,http://www.wikidata.org/entity/Q540532,Catholic priest,Darmstadt,Wrocław,no
E016661-S014514-T000000,"Pococke, Edward","Edward Pocock; Pococke, Edward",https://en.wikipedia.org/wiki/Edward_Pococke,1604,1691,male,university teacher; orientalist,http://www.wikidata.org/entity/Q1748131,university teacher; orientalist,Oxford,Oxford,no
E900993,"Becher, Johann Joachim","Becher, Johann Joachim",https://en.wikipedia.org/wiki/Johann_Joachim_Becher,1635,1682,male,German physician and alchemist,http://www.wikidata.org/entity/Q60808,economist; chemist; university teacher; physician,Speyer,London,no
E902364,Bernhard Gustav von Baden-Durlach,Bernhard Gustav von Baden-Durlach,https://en.wikipedia.org/wiki/Bernhard_Gustav_of_Baden-Durlach,1631,1677,male,"Major General in the Swedish army, Catholic convert, Abbot of Fulda and Kempten Abbey, cardinal",http://www.wikidata.org/entity/Q91959,military personnel; Catholic priest,Karlsburg Castle,Hammelburg,no
E019266,"Thévenot, Melchisédech","Thévenot, Melchisédech; Melchisedech; Melchisédec Thevenot; Melchisedec Thevenot",https://en.wikipedia.org/wiki/Melchis%C3%A9dech_Th%C3%A9venot,1620,1692,male,"French scientist, cartographer, orientalist, inventor, writer, and diplomat",http://www.wikidata.org/entity/Q956547,physicist; librarian; diplomat; cartographer; writer,Paris,Issy-les-Moulineaux,no
E903479,"Spinoza, Baruch","Spinoza, Baruch; Spinoza, Benedictus; Spinoza, Benedict; Benedict de Spinoza; Benedictus de Spinoza",https://en.wikipedia.org/wiki/Baruch_Spinoza,1632,1677,male,Jewish-Dutch philosopher; optical lens grinder; relative of Johannes Coccejus (1603-1669),http://www.wikidata.org/entity/Q35802,translator; theologian; political scientist; instrument maker; philosopher; linguist; Bible translator; grammarian; optical instrument maker,Amsterdam,The Hague,no
E902172,"Redi, Francesco","Redi, Francesco",https://en.wikipedia.org/wiki/Francesco_Redi,1626,1697,male,"Italian physician, naturalist, and poet",http://www.wikidata.org/entity/Q311187,scientist; naturalist; physician; poet; painter; biologist; entomologist; parasitologist; scientist; physician; poet; naturalist; scientist; physician; poet; naturalist; painter; biologist; painter; biologist; entomologist; entomologist; parasitologist; parasitologist,Arezzo,Pisa,no
E005795-S038500-T000000,"Robert Creighton, Bishop of Bath and Wells","Robert Creighton, Bishop of Bath and Wells; Creighton, Robert",https://en.wikipedia.org/wiki/Robert_Creighton,1593,1672,male,priest,http://www.wikidata.org/entity/Q7343189,priest,NA,NA,no
E001601-S012731-T000000,Dr. Ralph Bathurst,"Dr. Ralph Bathurst; Bathurst, Ralph",https://en.wikipedia.org/wiki/Ralph_Bathurst,1620,1704,male,theologian; physician; poet,http://www.wikidata.org/entity/Q5567104,theologian; physician; poet,Northamptonshire,NA,no
E912732,"Hjärne, Urban","Hjärne, Urban; Urban Hiarne",https://en.wikipedia.org/wiki/Urban_Hj%C3%A4rne,1641,1724,male,Swedish chemist; physician,http://www.wikidata.org/entity/Q246091,chemist; geologist; graphic artist; decorative painter; writer; physician,Skvoritsy,Stockholm City,no
E022626,"Witsen, Nicholaes Corneliszoon","Witsen, Nicholaes Corneliszoon; Witsen, Nicholas; Nicolaas Witsen; Nicolaus Witsen",https://en.wikipedia.org/wiki/Nicolaes_Witsen,1641,1717,male,"Dutch politician; collector; mayor of Amsterdam; administrator of the Dutch East India Company, from 1693",http://www.wikidata.org/entity/Q510776,writer; politician; diplomat; geographer; cartographer; trade,Amsterdam,Amsterdam,yes
E300537-S012314-T000000,"Worsley, Benjamin","Dr. Benjamin Worsley; Worsley, Benjamin",https://en.wikipedia.org/wiki/Benjamin_Worsley,1618,1673,male,physician,http://www.wikidata.org/entity/Q2896283,physician,NA,NA,no
E015294-S041287-T000000,Sir Edward Nicholas,"Sir Edward Nicholas; Nicholas, Edward (Sir)",https://en.wikipedia.org/wiki/Edward_Nicholas,1593,1669,male,politician; official,http://www.wikidata.org/entity/Q5344618,politician; official,Wiltshire,NA,yes
E012005-S020946-T000000,"James II and VII, King of England, Scotland, and Ireland","James II; James II and VII, King of England, Scotland, and Ireland",https://en.wikipedia.org/wiki/James_II_of_England,1633,1701,male,politician; sovereign; slave trader,http://www.wikidata.org/entity/Q126188,politician; sovereign; slave trader,London,Saint-Germain-en-Laye,yes
S012732,Dr. Ralph Brideoke,Dr. Ralph Brideoke,https://en.wikipedia.org/wiki/Ralph_Brideoake,1612,1678,male,priest,http://www.wikidata.org/entity/Q7287272,priest,Cheetham Hill,NA,no
E016283-S039896-T000000,Samuel Pepys,"Samuel Pepys; Pepys, Samuel",https://en.wikipedia.org/wiki/Samuel_Pepys,1633,1703,male,writer; politician; justice of the peace; diarist,http://www.wikidata.org/entity/Q106143,writer; politician; justice of the peace; diarist,City of London,Clapham,yes
E015260-S012566-T000000,Dr. John Covell,"Dr. John Covell; Covel, John (Dr)",https://en.wikipedia.org/wiki/John_Covel,1638,1722,male,scientist,http://www.wikidata.org/entity/Q6227337,scientist,NA,NA,no
E021119-S038065-T000000,"Vaughan, Richard","Richard Vaughan, Earl of Carbery; Vaughan, Richard","https://en.wikipedia.org/wiki/Richard_Vaughan,_2nd_Earl_of_Carbery",1600,1686,male,politician,http://www.wikidata.org/entity/Q7329640,politician,NA,NA,yes
E005337-S014546-T000000,"Reynolds, Edward (Dr)","Edward Reynolds, Bishop of Norwich; Reynolds, Edward (Dr)",https://en.wikipedia.org/wiki/Edward_Reynolds,1599,1676,male,university teacher; priest,http://www.wikidata.org/entity/Q1293322,university teacher; priest,Southampton,NA,no
E019713-S038011-T000000,"Sterne, Richard (Dr)","Richard Sterne, Archbishop of York; Sterne, Richard (Dr)",https://en.wikipedia.org/wiki/Richard_Sterne_(bishop),1596,1683,male,priest; priest,http://www.wikidata.org/entity/Q3431236,priest; priest,NA,NA,no
E004820-S044035-T000000,Sir Thomas Chicheley,"Sir Thomas Chicheley; Chicheley, Thomas (Sir)",https://en.wikipedia.org/wiki/Thomas_Chicheley,1614,1699,male,politician,http://www.wikidata.org/entity/Q7788385,politician,NA,NA,yes
E011779-S001299-T000000,"Hyde, Anne","Anne Hyde, Duchess of York; Hyde, Anne",https://en.wikipedia.org/wiki/Anne_Hyde,1637,1671,female,aristocrat; lady-in-waiting,http://www.wikidata.org/entity/Q145609,aristocrat; lady-in-waiting,Windsor,St James's Palace,no
E013261-S023644-T000000,"Leslie, John","John Leslie, Duke of Rothes; Leslie, John","https://en.wikipedia.org/wiki/John_Leslie,_1st_Duke_of_Rothes",1630,1681,male,politician,http://www.wikidata.org/entity/Q6244629,politician,NA,Holyrood Palace,yes
S051735,"William Hamilton (Douglas), Duke of Hamilton","William Hamilton (Douglas), Duke of Hamilton","https://en.wikipedia.org/wiki/William_Hamilton,_Duke_of_Hamilton",1634,1694,male,politician; military personnel,http://www.wikidata.org/entity/Q4896,politician; military personnel,NA,Edinburgh,yes
E004304-S041657-T000000,Sir George Carteret,"Sir George Carteret; Carteret, George (Sir)",https://en.wikipedia.org/wiki/George_Carteret,1610,1679,male,politician; legislator; naval officer,http://www.wikidata.org/entity/Q339077,politician; legislator; naval officer,Saint Helier,London,yes
S030426,Master and Fellows of St. John&#x0027;s College,Master and Fellows of St. John&#x0027;s College,https://en.wikipedia.org/wiki/Francis_Turner_(bishop),1637,1700,male,priest,http://www.wikidata.org/entity/Q5482634,priest,NA,NA,no
S042761,Sir John Nisbet,Sir John Nisbet,"https://en.wikipedia.org/wiki/John_Nisbet,_Lord_Dirleton",1610,1687,male,politician; judge,http://www.wikidata.org/entity/Q16844505,politician; judge,NA,NA,yes
S036031,"President of Magdalen College, Oxford","President of Magdalen College, Oxford",https://en.wikipedia.org/wiki/Thomas_Pierce,1622,1691,male,theologian,http://www.wikidata.org/entity/Q7793162,theologian,NA,NA,no
E009352-S023222-T000000,"John Grenville, Earl of Bath","John Grenville, Earl of Bath; Grenville, John","https://en.wikipedia.org/wiki/John_Granville,_1st_Earl_of_Bath",1628,1701,male,military personnel,http://www.wikidata.org/entity/Q3181636,military personnel,Kilkhampton,NA,no
S042405,Sir John Bankes,Sir John Bankes,https://en.wikipedia.org/wiki/John_Bankes,1589,1644,male,politician; judge,http://www.wikidata.org/entity/Q15489344,politician; judge,NA,NA,yes
E300276-S016406-T000000,"Friedrich Wilhelm I, Elector of Brandenburg","Frederic William; Friedrich Wilhelm I, Elector of Brandenburg","https://en.wikipedia.org/wiki/Frederick_William,_Elector_of_Brandenburg",1620,1688,male,art collector; aristocrat,http://www.wikidata.org/entity/Q152727,art collector; aristocrat,Berlin Palace,City Palace,no
E010707-S019407-T000000,"Somerset, Henry","Henry Somerset, Duke of Beaufort; Somerset, Henry","https://en.wikipedia.org/wiki/Henry_Somerset,_1st_Duke_of_Beaufort",1629,1700,male,politician,http://www.wikidata.org/entity/Q456519,politician,Carmarthen,London,yes
E000538-S017681-T000000,"Villiers, George","George Villiers, Duke of Buckingham; Villiers, George","https://en.wikipedia.org/wiki/George_Villiers,_1st_Duke_of_Buckingham",1592,1628,male,politician; diplomat,http://www.wikidata.org/entity/Q313817,politician; diplomat,Leicestershire,Portsmouth,yes
S030401,Master and Fellows of Christ&#x0027; College,Master and Fellows of Christ&#x0027; College,https://en.wikipedia.org/wiki/Ralph_Cudworth,1617,1688,male,theologian; university teacher; philosopher,http://www.wikidata.org/entity/Q528261,theologian; university teacher; philosopher,Aller,Cambridge,no
E011119-S048100-T000000,Thomas Hobbes,"Thomas Hobbes; Hobbes, Thomas",https://en.wikipedia.org/wiki/Thomas_Hobbes,1588,1679,male,politician; mathematician; historian; economist; translator; political scientist; philosopher,http://www.wikidata.org/entity/Q37621,politician; mathematician; historian; economist; translator; political scientist; philosopher,Westport,Hardwick Hall,yes
E900605-S001285-T000000,"Conway, Anne","Anne Conway, Viscountess Conway and Killultagh; Conway, Anne",https://en.wikipedia.org/wiki/Anne_Conway_(philosopher),1631,1679,female,philosopher,http://www.wikidata.org/entity/Q260404,philosopher,London,London,no
E014265,"Marshall, Thomas","Marshall, Thomas",https://en.wikipedia.org/wiki/Thomas_Marshall_(Dean_of_Gloucester),1621,1685,male,"dean of Gloucester and philologist; Saxonist and orientalist; rector of Lincoln College, Oxford; chaplain to the Company of Merchant Adventurers, Rotterdam, 1650, and in Dordrecht, 1656-72",http://www.wikidata.org/entity/Q7792186,linguist,NA,NA,no
E903376-S024822-T000000,"Witt, Johan de","John de Witt; Witt, Johan de",https://en.wikipedia.org/wiki/Johan_de_Witt,1625,1672,male,lawyer; politician; mathematician,http://www.wikidata.org/entity/Q318362,lawyer; politician; mathematician,Dordrecht,Groene Zoodje,yes
E903584,Clement X,Clement X; Emilio Bonaventura Altieri,https://en.wikipedia.org/wiki/Pope_Clement_X,1590,1676,male,Pope 1670-76,http://www.wikidata.org/entity/Q155956,cleric; diplomat; Catholic priest,Rome,Rome,no
E011457,"Howard, Henry","Howard, Henry; Henry Howard; Lord Henry Howard","https://en.wikipedia.org/wiki/Henry_Howard,_6th_Duke_of_Norfolk",1628,1684,male,sixth duke of Norfolk; nobleman; ambassador extraordinary to Morocco,http://www.wikidata.org/entity/Q336670,politician; diplomat,Arundel House,NA,yes
E014087-S023729-T000000,"Maitland, John","John Maitland, Duke of Lauderdale; Maitland, John","https://en.wikipedia.org/wiki/John_Maitland,_1st_Duke_of_Lauderdale",1616,1682,male,politician,http://www.wikidata.org/entity/Q336697,politician,Lennoxlove House,Royal Tunbridge Wells,yes
E016108,"Patin, Guy","Patin, Guy; Guido Patin; Patius; Gui",https://en.wikipedia.org/wiki/Guy_Patin,1602,1672,male,physician; professor in the Collège de France,http://www.wikidata.org/entity/Q973855,professor; physician writer; surgeon; correspondent; physician,Hodenc-en-Bray,Paris,no
E904717,"Rudbeck, Olof","Rudbeck, Olof; Olaus Rudbeck; Olof Rudbeck the Elder; Olaus Rudbeckius",https://en.wikipedia.org/wiki/Olaus_Rudbeck,1630,1702,male,"Professor of medicine, Uppsala",http://www.wikidata.org/entity/Q350198,astronomer; architect; physician; historian; university teacher; botanist; archaeologist; anatomist,Västerås domkyrkoförsamling,Uppsala Cathedral Assembly,no
E015049-S037742-T000000,Richard Love,"Richard Love; Love, Richard",https://en.wikipedia.org/wiki/Richard_Love,1596,1661,male,NA,http://www.wikidata.org/entity/Q7327463,NA,NA,NA,NA
E903369,"Gramont, Antoine","Gramont, Antoine; Antoine III de Gramont",https://en.wikipedia.org/wiki/Antoine_III_de_Gramont,1604,1678,male,"Agénor de Gramont, duc de Gramont, comte de Guiche, comte de Gramont, comte de Louvigny, Souverain de Bidache; French soldier; diplomat; Marshal of France. from 1641; Viceroy of Navarre and Béarn; Governor of Bayonne",http://www.wikidata.org/entity/Q193992,politician; diplomat; military personnel,Hagetmau,Bayonne,yes
E013698,"Locke, John","Locke, John; Jacke; Jack",https://en.wikipedia.org/wiki/John_Locke,1632,1704,male,English philosopher; FRS,http://www.wikidata.org/entity/Q9353,writer; physician; politician; philosopher,Wrington,High Laver,yes
E017558,"Gronovius, Johann Frederick","Gronovius, Johann Frederick; Gronovius, John Frederick; Gronow; Gronovius, Johann Friedrich; Gronovius, Johannes Fredericus; Gronouw, Johann Friedrich; Gronovius, Jean Frédéric; Gronov; Johannes Fredericus Gronovius; Johann Frederick Gronovius",https://en.wikipedia.org/wiki/Johann_Friedrich_Gronovius,1611,1671,male,"German classical scholar, philologist, and critic",http://www.wikidata.org/entity/Q67520,university teacher; classical scholar; classical philologist; professor; librarian; historian,Hamburg,Amsterdam,no
E913654-S036185-T000000,"Sophia, Electress of Hanover","Princess Sophia; Sophia, Electress of Hanover",https://en.wikipedia.org/wiki/Sophia_of_Hanover,1630,1714,female,politician; ruler,http://www.wikidata.org/entity/Q57224,politician; ruler,The Hague,Hanover,yes
E902199,"Rolfink, Werner","Rolfink, Werner; Rolfinck",https://en.wikipedia.org/wiki/Werner_Rolfinck,1599,1673,male,"German physician, scientist and botanist",http://www.wikidata.org/entity/Q85654,physician; chemist; university teacher; botanist; philosopher,Hamburg,Jena,no
E012580-S048216-T000000,Thomas Killigrew,"Thomas Killigrew; Killigrew, Thomas",https://en.wikipedia.org/wiki/Thomas_Killigrew,1612,1683,male,writer; playwright,http://www.wikidata.org/entity/Q490824,writer; playwright,London,London,no
E006553-S025923-T000000,"William III and II, King of England, Scotland, and Ireland","King William III; William III and II, King of England, Scotland, and Ireland",https://en.wikipedia.org/wiki/William_III_of_England,1650,1702,male,politician,http://www.wikidata.org/entity/Q129987,politician,Binnenhof,Kensington Palace,yes
E022859-S041055-T000000,"Wren, Christopher (Sir)","Sir Christopher Wren; Wren, Christopher (Sir)",https://en.wikipedia.org/wiki/Christopher_Wren,1631,1723,male,politician; mathematician; physicist; urban planner; university teacher; anatomist; astronomer; architect; astronomer; architect; politician; mathematician; physicist; urban planner; university teacher; anatomist,http://www.wikidata.org/entity/Q170373,politician; mathematician; physicist; urban planner; university teacher; anatomist; astronomer; architect; astronomer; architect; politician; mathematician; physicist; urban planner; university teacher; anatomist,East Knoyle,Hampton Court Castle,yes
E017953-S012334-T000000,"Ryves, Bruno (Dr)","Dr. Brune Ryves; Ryves, Bruno (Dr)",https://en.wikipedia.org/wiki/Bruno_Ryves,1596,1677,male,clergyman,http://www.wikidata.org/entity/Q4979384,clergyman,NA,NA,no
E023197,"Nassau-Siegen, Johan Maurits van","Nassau-Siegen, Johan Maurits van; de Nassau-Siegen; John Maurice of Nassau, Prince of Nassau-Siegen","https://en.wikipedia.org/wiki/John_Maurice,_Prince_of_Nassau-Siegen",1604,1679,male,great nephew of William of Nassau (William the Silent) (1533-84); cousin of Maurice De Nassau (1566-1625); governor of Dutch possessions in Brazil,http://www.wikidata.org/entity/Q321492,military personnel; politician,Dillenburg,Bedburg-Hau,yes
E003523,"Browne, Thomas (Sir)","Browne, Thomas (Sir); T Brown; Thomas Brown; Thomas Browne",https://en.wikipedia.org/wiki/Thomas_Browne,1605,1682,male,Physician; author,http://www.wikidata.org/entity/Q313925,physician writer; philosopher; writer; physician,London,Norwich,no
E904266,"Enclos, Anne de l'","Enclos, Anne de l'; Ninon de l'Enclos; Anne de l'Enclos; Ninon; Lenclos; Lanclos",https://en.wikipedia.org/wiki/Ninon_de_l%27Enclos,1620,1705,female,French author and courtesan,http://www.wikidata.org/entity/Q237045,patron of the arts; salonnière; writer,Paris,Paris,no
E006871-S022202-T000000,Johann Georg Gr&#x00E4;ve,"Johann Georg Gr&#x00E4;ve; Greffe, Johann Georg",https://en.wikipedia.org/wiki/Johann_Georg_Graevius,1632,1703,male,historian; university teacher; classical scholar; classical philologist,http://www.wikidata.org/entity/Q67599,historian; university teacher; classical scholar; classical philologist,Naumburg (Saale),Utrecht,no
E903311,"Cavendish, Margaret","Cavendish, Margaret; née Lucas","https://en.wikipedia.org/wiki/Margaret_Cavendish,_Duchess_of_Newcastle-upon-Tyne",1623,1673,female,Duchess of Newcastle-upon-Tyne; English writer and scientist,http://www.wikidata.org/entity/Q242640,writer; poet; physicist; philosopher; essayist; science fiction writer; lady-in-waiting; physicist; philosopher; essayist; science fiction writer; lady-in-waiting; writer; poet,Colchester,Kingdom of England,no
E902303,"Oliva, Giovanni Paolo","Oliva, Giovanni Paolo",https://en.wikipedia.org/wiki/Giovanni_Paolo_Oliva,1600,1681,male,11th Superior General of the Society of Jesus,http://www.wikidata.org/entity/Q1229189,Catholic priest; Jesuit,Genoa,Rome,no
E005839-S034027-T000000,"Nathaniel Crew, Baron Crew, Bishop of Durham","Nathaniel Crew, Baron Crew, Bishop of Durham; Crew, Nathaniel","https://en.wikipedia.org/wiki/Nathaniel_Crew,_3rd_Baron_Crew",1633,1721,male,priest,http://www.wikidata.org/entity/Q3870739,priest,NA,NA,no
E902302,"Stensen, Niels","Stensen, Niels; Nicolas Steno; Nicolaus Steno; Nicholas Steno,",https://en.wikipedia.org/wiki/Nicolas_Steno,1638,1686,male,Danish Catholic bishop; natural scientist and anatomist,http://www.wikidata.org/entity/Q151722,physician; Catholic priest; geologist; paleontologist; anatomist; crystallographer,Copenhagen,Schwerin,no
E022828-S001174-T000000,"Marvell, Andrew","Andrew Marvell; Marvell, Andrew",https://en.wikipedia.org/wiki/Andrew_Marvell,1621,1678,male,writer; poet; politician; satirist,http://www.wikidata.org/entity/Q365935,writer; poet; politician; satirist,Winestead,London,yes
